{
    "version": "Sample 1.0.0",
    "model": "model.moc",
    "textures": [
        "textures/00.png",
        "textures/01.png",
        "textures/02.png"
    ],
    "layout": {
        "center_x": 0,
        "center_y": -0.5,
        "width": 3
    },
    "hit_areas_custom": {
        "head_x": [
            -0.34999999999999998,
            0.59999999999999998
        ],
        "head_y": [
            0.19,
            -0.20000000000000001
        ],
        "body_x": [
            -0.29999999999999999,
            -0.25
        ],
        "body_y": [
            0.29999999999999999,
            -0.90000000000000002
        ]
    }
}